customer_id,age,plan_type,months_active,monthly_fee,avg_weekly_usage_hours,support_tickets_90d,late_payments_12m,auto_pay,satisfaction_score,region,churned
CUST-0001,38,Basic,6,27.9,3.6,2,0,Yes,9,West,0
CUST-0002,32,Basic,14,25.89,7.8,3,1,Yes,4,South,1
CUST-0003,53,Basic,54,21.06,9.9,1,0,No,7,Midwest,0
CUST-0004,35,Standard,1,47.46,4.3,0,0,No,,South,1
CUST-0005,47,Basic,33,29.96,7.7,3,0,Yes,6,West,0
CUST-0006,39,Standard,4,46.2,3.6,0,0,No,4,South,1
CUST-0007,56,Basic,31,38.86,5.3,0,0,Yes,8,Midwest,0
CUST-0008,35,Premium,19,79.12,11.8,1,0,Yes,6,West,1
CUST-0009,32,Standard,48,42.58,12.4,1,0,No,5,West,0
CUST-0010,44,Basic,55,15,4.0,1,0,Yes,8,South,0
CUST-0011,38,Basic,31,27.3,5.9,1,0,Yes,9,Northeast,0
CUST-0012,18,Premium,17,63.98,5.2,0,0,Yes,7,Northeast,0
CUST-0013,34,Standard,28,40.97,4.9,0,1,No,7,South,0
CUST-0014,40,Basic,24,23.94,9.9,0,0,No,8,South,0
CUST-0015,49,Basic,11,29.47,4.6,1,0,Yes,6,South,1
CUST-0016,18,Basic,38,23.02,6.9,0,0,No,8,South,0
CUST-0017,59,Basic,28,29.88,12.5,3,0,No,5,Midwest,1
CUST-0018,26,Standard,28,45.52,11.7,0,3,Yes,7,West,1
CUST-0019,60,Standard,51,43.03,6.4,1,2,Yes,6,Northeast,0
CUST-0020,42,Premium,12,69.44,8.6,3,0,Yes,7,South,0
CUST-0021,38,Basic,17,36.28,,0,1,Yes,9,West,1
CUST-0022,42,Standard,3,49.17,3.3,1,0,No,9,Midwest,0
CUST-0023,51,Standard,14,51.21,0.2,4,0,No,3,Midwest,1
CUST-0024,43,Standard,71,37.54,10.6,0,0,Yes,7,West,0
CUST-0025,31,Standard,46,46.03,12.7,0,1,Yes,9,Midwest,0
CUST-0026,44,Basic,3,41.04,9.7,0,0,Yes,6,West,1
CUST-0027,22,Basic,33,15,4.0,0,0,Yes,5,Midwest,0
CUST-0028,34,Basic,2,22.73,5.2,1,0,No,9,South,1
CUST-0029,28,Standard,27,36.68,5.8,1,0,Yes,5,Northeast,0
CUST-0030,43,Standard,23,45.73,3.8,1,3,Yes,8,South,1
CUST-0031,29,Standard,36,42.1,8.3,1,0,Yes,6,Midwest,0
CUST-0032,38,Basic,8,24.54,8.4,0,1,Yes,5,West,0
CUST-0033,37,Premium,60,72.04,10.4,0,0,Yes,9,South,0
CUST-0034,51,Premium,22,76.46,10.2,5,0,Yes,7,West,1
CUST-0035,36,Basic,1,30.82,6.5,0,0,Yes,9,Northeast,1
CUST-0036,32,Premium,20,67.36,7.0,0,1,No,8,West,0
CUST-0037,55,Premium,1,63.56,5.9,2,1,Yes,6,Midwest,0
CUST-0038,37,Basic,66,15.66,2.0,2,0,Yes,7,Northeast,0
CUST-0039,79,Basic,3,30.19,8.2,0,0,Yes,7,Midwest,1
CUST-0040,54,Basic,8,36.08,8.4,0,1,Yes,6,Midwest,0
CUST-0041,37,Basic,20,29.65,3.4,0,0,Yes,6,,0
CUST-0042,22,Basic,5,25.94,3.0,5,0,Yes,6,South,1
CUST-0043,46,Basic,72,15.81,10.0,3,1,Yes,3,Midwest,0
CUST-0044,53,Standard,23,54.68,9.0,1,2,Yes,5,Midwest,1
CUST-0045,66,Basic,1,23.3,10.0,2,0,Yes,6,West,0
CUST-0046,61,Basic,27,23.13,,7,0,No,3,Northeast,1
CUST-0047,45,Basic,60,23.44,7.1,0,0,Yes,,,0
CUST-0048,19,Standard,18,38.93,9.5,0,0,No,8,Midwest,0
CUST-0049,34,Basic,2,32.58,0.2,1,1,Yes,5,Northeast,1
CUST-0050,23,Basic,9,17.49,,0,0,Yes,8,West,0
CUST-0051,38,Standard,8,38.65,8.8,1,0,Yes,7,South,0
CUST-0052,37,Basic,6,25.34,0.2,3,1,Yes,5,Northeast,1
CUST-0053,18,Basic,3,21.74,9.3,0,0,Yes,9,South,0
CUST-0054,45,Premium,17,76.66,8.4,1,0,Yes,5,Midwest,0
CUST-0055,37,Basic,18,23.47,6.7,0,0,No,10,Midwest,0
CUST-0056,48,Basic,17,15,5.0,2,0,Yes,6,Midwest,0
CUST-0057,34,Standard,25,49.85,4.2,1,0,Yes,7,Northeast,1
CUST-0058,43,Basic,18,18.23,6.9,0,0,No,8,South,0
CUST-0059,24,Basic,4,25.14,8.7,1,0,No,8,South,0
CUST-0060,29,Basic,4,21.47,9.9,2,0,Yes,8,South,0
CUST-0061,39,Premium,9,72.03,7.7,0,1,Yes,9,South,0
CUST-0062,59,Basic,25,18.57,4.4,1,0,Yes,6,Northeast,0
CUST-0063,38,Standard,40,37.6,3.3,1,1,No,7,Midwest,0
CUST-0064,24,Standard,26,37.2,2.6,2,0,No,8,Midwest,0
CUST-0065,19,Standard,52,33.97,9.0,0,0,No,8,South,0
CUST-0066,41,Basic,51,16.52,4.3,1,1,Yes,6,South,0
CUST-0067,38,Basic,37,21.71,4.1,2,0,Yes,6,Midwest,1
CUST-0068,30,Basic,10,15,,3,0,Yes,,West,0
CUST-0069,54,Standard,52,37.02,7.8,3,0,Yes,5,Midwest,0
CUST-0070,44,Basic,11,33.05,1.5,1,1,Yes,3,Midwest,1
CUST-0071,27,Basic,12,25.44,9.2,0,0,No,9,Midwest,0
CUST-0072,61,Premium,51,69.52,7.4,0,0,No,8,West,0
CUST-0073,58,Basic,10,22.9,2.8,1,0,Yes,6,Midwest,1
CUST-0074,22,Premium,33,69.89,10.5,4,0,Yes,4,Northeast,1
CUST-0075,41,Premium,5,70.22,9.3,0,1,Yes,8,South,0
CUST-0076,32,Premium,49,68.56,10.3,0,0,No,5,South,0
CUST-0077,31,Basic,49,17.98,7.6,1,0,Yes,6,South,0
CUST-0078,54,Standard,6,46.77,5.1,3,1,Yes,5,West,0
CUST-0079,45,Premium,27,77.59,11.1,0,1,Yes,5,South,1
CUST-0080,65,Standard,9,33.07,5.8,0,0,No,7,Midwest,0
CUST-0081,44,Basic,32,24.3,8.6,1,0,No,8,Midwest,0
CUST-0082,55,Premium,6,64.36,7.6,1,0,Yes,7,Midwest,0
CUST-0083,47,Standard,25,44.8,5.3,3,1,Yes,6,South,1
CUST-0084,41,Standard,10,41.34,5.1,0,1,No,9,Midwest,0
CUST-0085,43,Basic,29,29.96,6.0,2,0,Yes,6,West,0
CUST-0086,40,Standard,13,39.03,8.0,0,0,No,,South,0
CUST-0087,35,Premium,21,59.65,6.2,0,0,No,7,Northeast,0
CUST-0088,57,Basic,27,20.47,1.1,2,0,Yes,6,West,0
CUST-0089,40,Basic,5,25.63,7.3,0,1,Yes,7,West,0
CUST-0090,31,Basic,10,23.95,2.1,1,1,Yes,6,South,1
CUST-0091,56,Basic,4,25.52,6.9,0,0,No,8,Northeast,1
CUST-0092,39,Premium,14,72.25,9.8,0,1,Yes,6,South,0
CUST-0093,48,Premium,8,75.06,10.6,0,1,Yes,8,South,0
CUST-0094,69,Basic,12,34.15,4.8,0,2,Yes,5,South,1
CUST-0095,46,Basic,24,28.12,6.3,2,0,Yes,8,Northeast,1
CUST-0096,75,Standard,72,36.2,7.0,0,0,Yes,4,South,0
CUST-0097,38,Basic,46,30.68,5.3,3,0,Yes,8,Northeast,0
CUST-0098,42,Standard,3,39.85,4.2,2,0,Yes,6,South,0
CUST-0099,35,Standard,38,50.45,6.2,0,0,Yes,6,Northeast,0
CUST-0100,42,Standard,44,44.18,6.6,0,0,Yes,6,West,0
CUST-0101,44,Standard,72,40.59,2.3,1,4,No,8,West,0
CUST-0102,41,Standard,11,45.0,5.5,0,1,Yes,7,Northeast,0
CUST-0103,39,Standard,1,48.81,7.3,1,0,Yes,7,Midwest,1
CUST-0104,52,Premium,31,71.37,7.6,2,0,Yes,6,Midwest,0
CUST-0105,28,Basic,10,17.21,3.7,0,1,Yes,10,Northeast,0
CUST-0106,32,Standard,49,46.49,6.9,0,0,Yes,7,West,0
CUST-0107,29,Standard,28,47.76,6.1,1,0,No,7,South,1
CUST-0108,48,Basic,11,19.21,6.2,0,0,Yes,7,West,0
CUST-0109,53,Basic,19,30.92,6.9,1,0,Yes,7,Midwest,0
CUST-0110,34,Standard,20,36.31,13.3,0,0,Yes,7,South,0
CUST-0111,55,Standard,8,35.57,7.2,1,0,Yes,7,West,0
CUST-0112,32,Basic,14,18.07,10.1,1,0,No,9,West,0
CUST-0113,43,Standard,27,40.47,9.0,0,0,No,8,South,0
CUST-0114,34,Basic,56,25.38,1.0,1,0,No,6,Midwest,1
CUST-0115,63,Basic,18,15.89,6.6,1,0,No,5,South,0
CUST-0116,53,Basic,11,23.22,6.5,0,1,Yes,7,Northeast,0
CUST-0117,59,Basic,1,28.14,8.9,0,0,No,4,South,1
CUST-0118,30,Standard,25,42.61,4.2,0,2,Yes,7,South,1
CUST-0119,39,Premium,23,78.12,8.4,0,0,Yes,8,Northeast,1
CUST-0120,18,Premium,17,73.57,10.2,0,0,No,8,West,0
CUST-0121,60,Standard,48,45.24,6.9,4,0,Yes,,West,0
CUST-0122,46,Basic,5,29.26,7.0,0,0,Yes,9,Midwest,0
CUST-0123,33,Basic,20,24.02,3.8,0,4,Yes,6,Midwest,1
CUST-0124,35,Premium,24,68.63,8.6,2,0,No,6,Northeast,1
CUST-0125,28,Basic,32,24.28,5.8,1,0,Yes,6,South,0
CUST-0126,45,Basic,29,26.56,2.5,0,0,Yes,7,West,0
CUST-0127,36,Standard,5,56.42,5.3,0,1,Yes,7,Midwest,1
CUST-0128,36,Basic,12,28.43,5.0,0,0,Yes,9,West,0
CUST-0129,51,Premium,28,74.62,12.6,3,0,Yes,5,South,1
CUST-0130,18,Basic,21,24.58,10.4,0,0,No,,Northeast,0
CUST-0131,20,Basic,13,29.69,9.3,0,0,Yes,,Midwest,0
CUST-0132,18,Basic,21,26.8,11.6,0,1,Yes,7,Midwest,0
CUST-0133,38,Premium,8,73.41,6.7,1,0,Yes,8,West,0
CUST-0134,42,Basic,72,27.06,5.9,0,0,Yes,9,Midwest,0
CUST-0135,18,Premium,14,61.99,5.7,0,0,No,8,South,0
CUST-0136,53,Standard,15,43.73,5.1,0,0,Yes,7,South,1
CUST-0137,28,Premium,8,71.25,11.9,2,0,Yes,7,Midwest,0
CUST-0138,41,Standard,4,48.22,7.3,1,0,Yes,10,Northeast,1
CUST-0139,29,Basic,11,24.29,4.7,1,0,No,5,Northeast,1
CUST-0140,36,Basic,48,19.94,11.9,5,0,Yes,5,South,0
CUST-0141,31,Standard,12,47.06,4.2,0,0,Yes,9,South,0
CUST-0142,28,Standard,13,39.42,9.8,2,0,No,4,South,0
CUST-0143,47,Basic,13,26.54,5.0,2,0,No,9,Midwest,0
CUST-0144,50,Basic,10,28.5,6.2,2,0,Yes,4,West,0
CUST-0145,36,Basic,23,31.77,10.1,3,2,No,4,Midwest,1
CUST-0146,42,Premium,46,69.2,8.8,2,0,Yes,,West,0
CUST-0147,19,Basic,41,22.07,4.9,2,1,Yes,6,South,1
CUST-0148,32,Basic,19,17.99,10.2,1,1,Yes,4,West,1
CUST-0149,47,Premium,23,72.74,9.9,2,1,No,4,South,1
CUST-0150,18,Standard,2,52.94,0.4,0,0,No,7,Midwest,1
CUST-0151,28,Standard,34,44.25,7.4,2,1,Yes,7,Midwest,1
CUST-0152,34,Standard,34,45.14,5.0,1,0,Yes,7,South,1
CUST-0153,33,Standard,2,41.44,,1,0,Yes,8,South,0
CUST-0154,43,Standard,9,38.18,13.5,0,1,Yes,9,Midwest,0
CUST-0155,37,Premium,7,67.36,8.2,3,1,Yes,3,West,0
CUST-0156,21,Standard,63,51.63,5.2,0,1,No,6,West,0
CUST-0157,47,Basic,1,30.73,5.3,0,1,Yes,6,Northeast,1
CUST-0158,25,Basic,8,20.53,6.6,0,0,Yes,6,West,0
CUST-0159,33,Basic,20,35.76,8.0,1,0,No,8,West,1
CUST-0160,65,Basic,8,18.42,9.8,3,0,Yes,7,Northeast,0
CUST-0161,41,Basic,27,15,12.2,0,0,Yes,6,West,0
CUST-0162,27,Standard,18,39.12,11.4,0,0,Yes,7,South,0
CUST-0163,18,Basic,20,22.61,7.3,1,0,No,8,South,0
CUST-0164,48,Standard,23,53.75,7.5,1,0,Yes,9,West,0
CUST-0165,18,Premium,45,70.9,6.8,0,0,Yes,10,West,0
CUST-0166,42,Standard,72,47.66,5.7,1,1,Yes,7,South,0
CUST-0167,19,Basic,21,24.37,5.9,0,1,Yes,6,South,0
CUST-0168,20,Basic,24,32.74,5.0,0,1,Yes,5,South,1
CUST-0169,30,Basic,12,17.39,3.8,0,0,Yes,5,,0
CUST-0170,38,Standard,51,45.6,5.7,0,2,No,3,South,1
CUST-0171,49,Standard,16,44.22,8.5,1,1,No,8,West,0
CUST-0172,57,Basic,11,25.2,9.5,1,0,Yes,4,South,1
CUST-0173,34,Standard,12,43.94,10.6,1,2,Yes,5,South,1
CUST-0174,70,Basic,50,22.49,,4,0,No,6,South,1
CUST-0175,53,Premium,13,81.07,7.4,0,0,No,6,Northeast,1
CUST-0176,31,Basic,29,25.34,,0,0,Yes,3,South,0
CUST-0177,43,Basic,2,21.67,5.8,0,0,Yes,7,West,0
CUST-0178,36,Premium,18,69.6,8.8,1,1,Yes,7,West,0
CUST-0179,35,Basic,30,24.08,8.2,0,0,Yes,6,South,0
CUST-0180,34,Basic,2,22.78,7.6,0,0,Yes,9,South,0
CUST-0181,25,Basic,21,33.32,8.4,3,2,Yes,6,South,1
CUST-0182,58,Basic,33,15.38,8.8,2,0,No,8,Midwest,0
CUST-0183,64,Standard,4,34.96,5.9,0,1,Yes,7,Midwest,0
CUST-0184,54,Basic,14,15,6.7,1,1,No,7,South,0
CUST-0185,45,Premium,3,68.5,12.9,0,0,Yes,10,West,0
CUST-0186,46,Basic,36,25.89,2.3,0,0,Yes,5,Midwest,0
CUST-0187,53,Premium,21,72.51,15.4,1,0,Yes,9,West,0
CUST-0188,36,Standard,3,47.1,0.2,0,0,Yes,6,West,1
CUST-0189,41,Premium,12,76.37,13.4,2,0,Yes,7,Midwest,0
CUST-0190,38,Basic,69,19.58,6.0,0,0,No,,Midwest,0
CUST-0191,58,Standard,12,42.65,10.0,1,0,No,6,South,0
CUST-0192,19,Premium,11,72.64,7.2,0,0,Yes,4,South,0
CUST-0193,18,Standard,20,47.59,8.0,0,0,No,6,South,1
CUST-0194,39,Basic,30,21.5,5.4,0,1,No,6,West,0
CUST-0195,27,Standard,36,40.7,4.8,0,1,No,5,Midwest,0
CUST-0196,52,Premium,9,64.0,6.3,5,1,No,5,Midwest,1
CUST-0197,28,Basic,62,26.07,4.6,0,0,Yes,7,South,0
CUST-0198,55,Premium,36,73.67,11.4,1,0,No,7,South,0
CUST-0199,18,Standard,24,49.56,1.6,0,2,Yes,8,South,1
CUST-0200,35,Standard,38,44.03,3.0,5,0,Yes,6,Midwest,0
CUST-0201,39,Standard,72,34.79,5.5,0,0,Yes,8,South,0
CUST-0202,45,Standard,22,48.52,2.3,0,0,No,5,South,0
CUST-0203,48,Basic,24,25.22,4.5,0,1,Yes,3,Midwest,0
CUST-0204,35,Standard,14,56.72,6.4,3,2,Yes,5,South,1
CUST-0205,18,Standard,34,44.81,6.1,0,0,Yes,6,West,0
CUST-0206,33,Basic,31,25.97,3.2,2,2,Yes,7,Midwest,1
CUST-0207,27,Basic,12,31.96,7.7,1,0,Yes,8,South,1
CUST-0208,61,Standard,19,46.59,4.1,0,0,Yes,8,South,0
CUST-0209,37,Basic,28,24.65,9.3,1,1,Yes,4,South,0
CUST-0210,52,Standard,5,49.14,6.6,1,1,No,7,Northeast,1
CUST-0211,59,Premium,57,70.75,10.9,0,1,Yes,9,Northeast,0
CUST-0212,26,Basic,8,24.82,8.3,3,0,Yes,7,West,0
CUST-0213,23,Basic,5,28.52,2.7,0,3,No,7,Midwest,1
CUST-0214,29,Premium,1,64.46,5.0,0,1,Yes,,West,1
CUST-0215,41,Standard,25,48.98,6.9,0,1,No,4,Midwest,0
CUST-0216,29,Basic,24,26.26,5.9,0,0,Yes,7,South,0
CUST-0217,33,Standard,19,42.11,8.1,1,1,Yes,7,West,0
CUST-0218,33,Standard,4,45.47,2.3,1,0,Yes,7,South,0
CUST-0219,52,Basic,7,29.64,8.1,0,0,No,8,South,0
CUST-0220,28,Basic,5,27.09,11.8,0,1,Yes,7,South,0
CUST-0221,35,Basic,2,30.77,6.1,3,0,No,,South,1
CUST-0222,41,Basic,26,26.49,7.3,0,0,Yes,8,South,0
CUST-0223,51,Basic,38,33.07,9.9,3,0,Yes,6,Northeast,1
CUST-0224,18,Standard,4,46.53,9.1,4,0,No,2,West,1
CUST-0225,69,Standard,22,45.43,7.8,2,0,Yes,3,South,1
CUST-0226,30,Standard,2,46.55,5.5,0,2,Yes,7,South,1
CUST-0227,49,Basic,12,33.04,3.1,0,0,No,8,South,1
CUST-0228,40,Standard,4,50.45,8.4,0,0,Yes,6,Northeast,1
CUST-0229,42,Premium,20,67.04,7.5,0,0,Yes,8,South,0
CUST-0230,44,Standard,18,55.56,8.7,0,0,Yes,9,Midwest,0
CUST-0231,29,Basic,36,21.02,8.5,3,0,Yes,6,Northeast,1
CUST-0232,46,Premium,3,68.18,5.5,2,1,No,9,Midwest,0
CUST-0233,31,Basic,10,22.76,5.0,0,0,Yes,6,Midwest,0
CUST-0234,32,Premium,29,75.28,2.8,1,0,Yes,4,South,0
CUST-0235,18,Standard,17,43.53,5.3,1,0,Yes,8,Midwest,0
CUST-0236,21,Standard,14,38.63,3.5,0,0,No,10,Midwest,0
CUST-0237,49,Basic,56,29.13,8.3,0,0,No,6,South,0
CUST-0238,62,Basic,3,30.26,5.8,4,0,Yes,5,South,1
CUST-0239,32,Standard,32,40.79,2.6,0,0,Yes,8,Northeast,0
CUST-0240,30,Basic,12,34.18,2.6,0,0,No,8,South,1
CUST-0241,36,Standard,4,37.69,4.8,2,0,Yes,6,West,0
CUST-0242,29,Basic,32,25.69,9.6,0,1,Yes,7,Midwest,1
CUST-0243,46,Premium,2,64.34,7.9,1,0,Yes,6,South,0
CUST-0244,47,Basic,5,22.44,7.7,0,1,Yes,9,South,0
CUST-0245,54,Standard,11,40.47,3.8,0,0,No,6,Northeast,0
CUST-0246,41,Basic,12,26.41,9.2,2,0,Yes,7,Midwest,0
CUST-0247,47,Standard,15,43.73,9.2,0,0,Yes,4,South,0
CUST-0248,38,Basic,19,26.66,5.1,1,1,Yes,9,Northeast,1
CUST-0249,39,Basic,37,27.77,9.3,1,1,Yes,4,Northeast,0
CUST-0250,33,Standard,3,48.41,6.3,0,0,Yes,9,West,1
CUST-0251,43,Premium,14,63.72,6.6,0,0,Yes,6,Northeast,0
CUST-0252,32,Basic,6,24.4,4.4,3,0,No,5,South,1
CUST-0253,52,Basic,21,19.32,8.3,0,0,No,9,South,0
CUST-0254,50,Basic,2,32.33,3.5,0,0,No,6,Midwest,0
CUST-0255,61,Standard,4,55.48,6.6,0,0,No,10,West,1
CUST-0256,58,Premium,25,62.16,7.0,0,1,Yes,7,Midwest,0
CUST-0257,46,Standard,40,51.57,7.5,1,0,No,9,West,0
CUST-0258,49,Premium,10,79.26,11.9,2,0,Yes,4,Midwest,1
CUST-0259,30,Standard,19,46.63,5.6,0,0,Yes,8,South,0
CUST-0260,35,Basic,4,30.36,5.3,1,0,Yes,5,South,1
CUST-0261,30,Premium,13,69.48,9.2,0,0,Yes,6,Northeast,0
CUST-0262,23,Basic,9,26.39,8.9,0,1,No,9,Midwest,0
CUST-0263,47,Standard,7,45.73,6.2,2,1,Yes,,West,1
CUST-0264,32,Standard,4,43.74,5.6,0,0,Yes,10,South,0
CUST-0265,35,Basic,21,28.27,4.6,2,0,Yes,6,Northeast,1
CUST-0266,54,Basic,16,20.24,9.0,0,0,No,6,Northeast,0
CUST-0267,21,Standard,21,51.24,8.9,0,0,Yes,9,South,0
CUST-0268,36,Basic,5,17.7,4.1,1,2,Yes,6,South,1
CUST-0269,33,Premium,10,78.86,1.6,1,2,Yes,7,South,1
CUST-0270,31,Basic,23,28.33,5.8,0,0,Yes,6,South,0
CUST-0271,44,Basic,63,27.71,5.9,0,0,Yes,7,West,0
CUST-0272,33,Standard,18,43.34,5.4,3,0,Yes,6,West,0
CUST-0273,20,Standard,1,42.28,2.3,0,0,Yes,8,South,0
CUST-0274,42,Standard,39,47.31,3.7,0,1,Yes,9,West,0
CUST-0275,56,Standard,72,44.15,7.8,0,0,Yes,8,Midwest,0
CUST-0276,38,Basic,34,29.99,2.0,0,1,Yes,6,West,0
CUST-0277,44,Basic,32,26.36,13.3,1,2,Yes,7,South,1
CUST-0278,35,Basic,7,26.3,13.8,0,0,Yes,6,South,0
CUST-0279,45,Basic,8,17.41,8.3,0,1,No,4,South,0
CUST-0280,42,Standard,34,43.46,4.2,4,0,Yes,6,South,0
CUST-0281,43,Premium,9,68.51,11.7,1,0,Yes,8,Midwest,0
CUST-0282,29,Basic,68,23.59,5.0,2,0,Yes,7,Northeast,0
CUST-0283,64,Basic,15,20.99,7.9,1,2,Yes,5,West,1
CUST-0284,53,Standard,16,48.44,4.5,0,1,No,5,West,1
CUST-0285,29,Standard,25,45.28,1.9,0,0,Yes,8,South,0
CUST-0286,33,Basic,45,27.4,10.1,2,0,Yes,7,Midwest,0
CUST-0287,60,Standard,3,46.49,4.6,0,0,Yes,9,Midwest,0
CUST-0288,30,Standard,35,38.02,2.4,1,0,Yes,6,Midwest,0
CUST-0289,25,Standard,5,41.97,4.8,0,1,Yes,8,South,0
CUST-0290,45,Basic,5,33.4,3.4,1,0,No,7,Midwest,1
CUST-0291,23,Basic,13,25.45,6.2,0,1,Yes,10,Midwest,1
CUST-0292,30,Basic,34,15.85,10.2,0,1,Yes,5,Midwest,0
CUST-0293,18,Standard,26,41.75,7.0,1,1,Yes,7,South,0
CUST-0294,37,Premium,31,67.05,9.6,0,0,Yes,6,Northeast,0
CUST-0295,25,Premium,26,72.08,6.8,0,1,Yes,8,West,0
CUST-0296,27,Standard,37,46.44,11.2,1,1,Yes,10,South,0
CUST-0297,50,Standard,23,41.34,8.4,2,1,No,,Northeast,1
CUST-0298,29,Standard,16,42.5,5.6,0,1,Yes,9,Northeast,0
CUST-0299,21,Basic,22,28.77,4.2,0,0,Yes,7,South,0
CUST-0300,38,Basic,54,18.17,4.7,1,0,Yes,8,Northeast,0
CUST-0301,29,Standard,26,41.77,6.5,0,0,No,6,Midwest,0
CUST-0302,31,Basic,43,35.27,9.2,0,0,Yes,5,South,1
CUST-0303,42,Standard,23,47.34,8.0,2,0,Yes,9,South,0
CUST-0304,48,Basic,16,17.84,5.2,0,0,No,6,South,0
CUST-0305,45,Standard,10,53.51,10.8,1,1,Yes,9,West,0
CUST-0306,20,Basic,4,30.59,0.8,0,1,Yes,7,West,1
CUST-0307,32,Premium,30,74.37,8.8,5,0,Yes,4,South,1
CUST-0308,50,Basic,5,21.62,5.1,0,0,Yes,,Northeast,0
CUST-0309,30,Standard,67,50.64,8.2,0,0,Yes,4,South,1
CUST-0310,32,Standard,23,42.1,3.6,6,0,No,4,Northeast,0
CUST-0311,56,Premium,4,66.05,12.2,0,0,Yes,4,Midwest,0
CUST-0312,41,Premium,16,68.08,12.5,0,4,Yes,7,West,1
CUST-0313,41,Basic,34,22.72,8.6,0,0,Yes,7,South,0
CUST-0314,59,Standard,28,47.31,4.2,1,0,No,7,Midwest,1
CUST-0315,37,Premium,9,70.7,8.0,0,1,Yes,8,,1
CUST-0316,63,Standard,30,44.04,4.7,0,1,No,6,Northeast,1
CUST-0317,52,Standard,8,45.16,8.9,0,0,Yes,5,West,0
CUST-0318,35,Standard,3,41.5,9.2,0,0,Yes,9,Midwest,0
CUST-0319,48,Standard,39,43.32,5.4,0,1,Yes,9,South,1
CUST-0320,39,Premium,6,61.36,,1,0,Yes,7,West,0
CUST-0321,48,Standard,59,45.75,3.0,1,2,Yes,4,South,0
CUST-0322,45,Standard,23,36.31,8.5,1,0,No,7,Northeast,0
CUST-0323,49,Basic,15,29.88,6.5,0,0,Yes,7,South,0
CUST-0324,18,Basic,3,17.94,1.8,0,0,No,8,Midwest,0
CUST-0325,18,Standard,17,48.8,8.5,1,1,Yes,6,Midwest,1
CUST-0326,52,Standard,55,47.95,4.6,0,2,Yes,,Midwest,0
CUST-0327,24,Basic,62,27.77,5.7,2,0,Yes,,South,0
CUST-0328,37,Standard,26,42.85,,1,0,Yes,5,Midwest,0
CUST-0329,58,Premium,6,69.31,12.2,0,0,Yes,6,West,0
CUST-0330,28,Basic,40,28.15,9.4,1,0,Yes,10,South,1
CUST-0331,43,Premium,29,72.23,9.2,0,0,No,7,,0
CUST-0332,20,Basic,22,19.82,4.3,2,0,No,7,Midwest,0
CUST-0333,50,Basic,6,23.35,5.9,0,0,Yes,7,West,0
CUST-0334,38,Standard,2,44.22,9.7,0,0,Yes,6,Northeast,0
CUST-0335,18,Standard,26,48.81,8.0,0,1,No,8,South,0
CUST-0336,41,Basic,47,26.31,12.9,2,0,Yes,5,South,0
CUST-0337,57,Standard,13,50.13,6.5,0,0,Yes,6,South,1
CUST-0338,18,Standard,8,45.73,6.4,2,0,No,4,West,1
CUST-0339,22,Premium,11,72.66,8.0,0,1,Yes,5,Northeast,0
CUST-0340,52,Standard,25,33.89,2.6,0,0,Yes,,Northeast,0
CUST-0341,29,Standard,17,49.04,5.4,0,2,Yes,9,Northeast,1
CUST-0342,54,Basic,26,29.4,8.2,0,0,Yes,8,West,1
CUST-0343,37,Basic,8,29.86,5.1,2,0,Yes,7,South,1
CUST-0344,49,Basic,14,23.79,7.0,1,0,Yes,4,South,0
CUST-0345,38,Standard,16,54.17,8.4,3,0,No,7,West,0
CUST-0346,58,Standard,1,41.74,6.0,1,0,Yes,5,South,1
CUST-0347,22,Premium,20,66.08,10.6,0,1,Yes,7,Northeast,0
CUST-0348,43,Basic,28,25.89,5.8,0,2,No,5,Midwest,0
CUST-0349,21,Basic,20,19.14,10.2,0,1,No,8,South,1
CUST-0350,46,Premium,72,75.78,8.4,0,0,Yes,8,Midwest,0
CUST-0351,29,Basic,29,27.59,2.8,2,0,Yes,10,South,0
CUST-0352,43,Standard,16,54.44,0.2,0,0,No,,Northeast,0
CUST-0353,28,Standard,4,53.1,8.7,0,1,No,5,South,1
CUST-0354,35,Standard,34,55.9,6.1,0,0,No,7,West,1
CUST-0355,59,Basic,72,23.67,9.4,1,0,No,6,South,0
CUST-0356,46,Standard,36,50.81,6.4,3,0,Yes,4,South,0
CUST-0357,34,Premium,1,72.46,9.0,0,0,Yes,8,South,0
CUST-0358,43,Standard,7,45.37,10.1,0,0,No,8,West,0
CUST-0359,33,Standard,14,49.45,4.6,0,0,Yes,10,Midwest,1
CUST-0360,38,Premium,10,73.98,12.8,2,0,No,,South,1
CUST-0361,26,Basic,17,30.94,9.8,0,0,Yes,6,Northeast,0
CUST-0362,44,Premium,2,67.05,4.7,0,0,No,8,Northeast,1
CUST-0363,42,Standard,7,40.33,2.4,0,0,Yes,7,South,0
CUST-0364,28,Standard,12,40.3,5.5,2,0,Yes,5,West,0
CUST-0365,37,Standard,6,46.25,3.3,0,1,Yes,6,South,1
CUST-0366,30,Basic,24,23.96,,4,0,No,,Northeast,1
CUST-0367,39,Basic,18,20.41,8.0,0,0,Yes,,Northeast,0
CUST-0368,33,Standard,5,42.92,3.5,1,0,Yes,5,Midwest,1
CUST-0369,39,Basic,7,24.03,3.1,0,2,Yes,8,West,0
CUST-0370,18,Premium,28,70.38,7.5,3,0,Yes,4,Midwest,0
CUST-0371,30,Standard,4,45.94,0.2,1,0,Yes,7,South,1
CUST-0372,38,Basic,29,20.78,5.5,0,2,Yes,7,South,1
CUST-0373,31,Premium,18,65.82,9.8,0,0,Yes,7,South,0
CUST-0374,30,Premium,1,64.15,9.3,0,0,Yes,8,West,0
CUST-0375,53,Basic,8,31.69,8.6,3,0,Yes,5,Midwest,1
CUST-0376,26,Basic,5,27.76,7.8,0,1,Yes,8,Northeast,0
CUST-0377,28,Basic,11,28.85,0.2,0,1,Yes,10,Northeast,0
CUST-0378,55,Basic,20,22.12,7.0,1,0,No,9,West,1
CUST-0379,28,Standard,3,49.6,8.9,3,0,Yes,5,Midwest,1
CUST-0380,33,Basic,12,20.58,0.2,0,0,Yes,7,South,1
CUST-0381,22,Premium,13,68.18,9.1,3,0,No,8,Midwest,1
CUST-0382,36,Standard,43,45.21,0.9,0,0,No,6,South,0
CUST-0383,44,Standard,49,46.54,4.9,0,0,No,8,South,0
CUST-0384,45,Standard,2,53.46,4.3,2,0,Yes,5,South,1
CUST-0385,34,Premium,10,64.86,14.1,4,0,Yes,2,South,0
CUST-0386,33,Basic,4,17.38,10.0,6,0,Yes,3,South,1
CUST-0387,57,Basic,71,16.89,5.8,1,1,No,9,South,0
CUST-0388,35,Premium,17,67.12,9.8,2,0,Yes,5,Northeast,0
CUST-0389,54,Standard,19,48.42,3.4,0,0,Yes,9,Northeast,0
CUST-0390,45,Basic,10,34.45,4.7,0,0,Yes,8,South,1
CUST-0391,58,Standard,19,44.25,2.5,0,0,Yes,6,West,0
CUST-0392,35,Basic,2,27.49,6.8,1,1,Yes,9,South,0
CUST-0393,38,Standard,62,48.02,9.6,0,0,Yes,10,West,0
CUST-0394,20,Premium,17,77.6,8.3,2,0,No,5,West,1
CUST-0395,50,Basic,14,17.07,4.6,0,0,Yes,6,Northeast,1
CUST-0396,66,Premium,35,69.22,12.8,0,0,Yes,7,South,0
CUST-0397,36,Standard,56,46.42,6.1,5,0,Yes,8,South,0
CUST-0398,36,Basic,21,22.92,7.6,0,2,Yes,,South,0
CUST-0399,44,Standard,24,53.16,9.2,0,0,Yes,8,Midwest,0
CUST-0400,35,Basic,2,17.42,8.4,0,0,No,,Northeast,0
CUST-0401,24,Standard,34,54.67,6.6,0,0,Yes,8,South,1
CUST-0402,50,Standard,14,40.32,7.5,1,0,Yes,8,Midwest,0
CUST-0403,41,Basic,72,26.64,7.3,0,1,Yes,8,,0
CUST-0404,27,Standard,15,45.55,10.3,0,1,No,7,Northeast,0
CUST-0405,35,Standard,34,44.26,4.5,0,1,No,4,Midwest,0
CUST-0406,48,Standard,44,53.48,14.2,1,0,Yes,4,South,0
CUST-0407,41,Basic,46,29.98,5.0,1,0,Yes,7,South,0
CUST-0408,39,Standard,31,50.81,4.7,2,0,Yes,5,Midwest,1
CUST-0409,36,Premium,72,72.7,8.9,0,1,Yes,5,South,0
CUST-0410,49,Basic,57,28.48,5.6,0,0,Yes,8,Midwest,0
CUST-0411,47,Basic,67,27.66,5.6,3,0,No,6,South,0
CUST-0412,22,Premium,4,66.48,7.0,0,1,Yes,8,Midwest,0
CUST-0413,61,Basic,27,28.93,8.3,0,0,Yes,8,South,0
CUST-0414,62,Basic,24,28.31,6.8,0,0,Yes,7,South,1
CUST-0415,74,Standard,46,50.69,12.8,0,0,No,5,West,1
CUST-0416,25,Premium,18,63.86,8.2,0,0,Yes,6,South,0
CUST-0417,42,Standard,12,48.14,6.8,1,0,No,5,West,1
CUST-0418,20,Basic,5,20.09,8.5,0,0,No,3,South,0
CUST-0419,31,Basic,32,29.54,7.4,0,1,No,7,South,1
CUST-0420,31,Basic,1,32.92,4.2,2,0,No,7,South,1
CUST-0421,18,Basic,72,27.4,7.9,0,0,Yes,8,South,0
CUST-0422,38,Basic,9,28.58,6.9,0,0,Yes,4,Midwest,0
CUST-0423,45,Standard,34,45.54,4.2,0,0,Yes,6,Northeast,0
CUST-0424,25,Basic,10,19.87,5.6,0,1,Yes,7,South,0
CUST-0425,72,Standard,1,43.41,9.4,1,0,Yes,7,West,0
CUST-0426,29,Basic,6,33.41,9.5,0,0,No,7,West,1
CUST-0427,50,Standard,27,46.59,4.0,3,1,Yes,7,,1
CUST-0428,40,Standard,17,48.21,0.3,1,0,Yes,6,Northeast,0
CUST-0429,35,Basic,12,27.78,8.4,0,0,Yes,8,South,0
CUST-0430,51,Standard,4,46.87,11.7,2,0,Yes,6,West,1
CUST-0431,41,Standard,11,49.62,8.0,1,1,No,8,Northeast,1
CUST-0432,18,Standard,5,42.76,10.7,3,0,Yes,7,South,0
CUST-0433,34,Standard,12,44.06,2.5,0,0,Yes,9,Midwest,0
CUST-0434,48,Basic,27,16.96,2.6,2,0,Yes,6,South,0
CUST-0435,67,Basic,12,15,0.4,2,0,Yes,,Midwest,0
CUST-0436,55,Basic,12,25.99,4.5,0,1,Yes,7,Midwest,0
CUST-0437,18,Premium,52,64.91,7.8,0,0,No,8,South,0
CUST-0438,26,Basic,72,23.79,8.8,0,0,Yes,6,Northeast,0
CUST-0439,28,Premium,11,69.43,9.5,0,0,Yes,6,Northeast,0
CUST-0440,26,Standard,36,51.53,5.2,0,0,Yes,7,Midwest,1
CUST-0441,20,Basic,7,27.39,3.2,0,0,Yes,7,Midwest,1
CUST-0442,42,Basic,1,25.18,1.8,0,1,Yes,7,South,1
CUST-0443,23,Standard,22,32.32,5.4,1,0,Yes,5,West,0
CUST-0444,45,Standard,35,36.31,6.3,1,0,Yes,5,South,0
CUST-0445,29,Standard,7,32.06,7.1,4,0,Yes,3,South,1
CUST-0446,30,Standard,18,30.23,0.2,0,0,No,8,West,0
CUST-0447,61,Standard,13,48.2,5.8,3,0,No,,West,1
CUST-0448,46,Basic,18,22.8,10.6,0,1,Yes,6,Northeast,0
CUST-0449,20,Basic,9,18.91,9.7,4,0,No,7,South,1
CUST-0450,34,Basic,14,15,6.8,0,0,Yes,10,Northeast,0
CUST-0451,50,Standard,8,43.85,7.6,1,1,Yes,7,West,1
CUST-0452,32,Basic,32,20.41,7.7,1,0,Yes,5,Midwest,0
CUST-0453,53,Basic,38,18.83,9.3,4,0,Yes,4,West,0
CUST-0454,18,Basic,29,29.28,5.3,0,0,Yes,7,South,1
CUST-0455,42,Basic,15,27.21,7.6,2,0,Yes,8,Midwest,0
CUST-0456,33,Basic,50,27.12,2.8,0,0,No,8,South,1
CUST-0457,36,Premium,38,71.9,11.8,0,0,Yes,9,Northeast,0
CUST-0458,57,Premium,2,68.47,11.1,1,0,No,4,South,1
CUST-0459,37,Standard,17,42.08,,0,1,Yes,9,Northeast,1
CUST-0460,27,Standard,29,45.78,6.2,0,0,Yes,10,Northeast,0
CUST-0461,51,Basic,16,20.61,5.7,0,0,Yes,9,West,0
CUST-0462,31,Premium,3,58.78,6.5,0,0,Yes,6,Midwest,0
CUST-0463,20,Basic,20,24.8,5.5,4,0,Yes,4,Northeast,1
CUST-0464,31,Basic,50,20.45,11.3,3,0,Yes,,South,0
CUST-0465,25,Standard,8,52.09,2.8,0,2,Yes,8,Northeast,1
CUST-0466,48,Basic,7,22.03,10.4,0,0,No,6,West,0
CUST-0467,42,Premium,12,72.13,14.1,0,0,Yes,8,South,0
CUST-0468,57,Premium,55,68.39,,0,0,Yes,10,Northeast,0
CUST-0469,36,Standard,13,47.99,1.1,1,0,Yes,,West,0
CUST-0470,47,Basic,36,17.61,5.9,1,0,Yes,8,South,0
CUST-0471,44,Standard,3,41.26,4.5,0,0,Yes,8,West,0
CUST-0472,53,Standard,23,38.64,10.1,0,0,Yes,7,South,0
CUST-0473,18,Basic,36,24.21,4.6,0,0,Yes,9,Northeast,0
CUST-0474,52,Basic,3,19.45,7.0,1,1,Yes,7,South,0
CUST-0475,28,Basic,72,23.89,1.4,0,0,Yes,5,Northeast,0
CUST-0476,41,Basic,42,19.94,12.8,1,0,Yes,7,Northeast,0
CUST-0477,64,Basic,25,20.51,8.1,0,0,No,4,Northeast,1
CUST-0478,54,Basic,66,27.35,8.5,1,1,No,5,Northeast,0
CUST-0479,47,Basic,5,23.39,1.7,0,0,Yes,4,South,1
CUST-0480,49,Basic,2,16.4,,4,0,No,7,South,0
CUST-0481,23,Standard,64,39.53,8.3,0,1,No,6,South,0
CUST-0482,49,Basic,64,18.15,8.9,0,0,Yes,9,West,0
CUST-0483,41,Basic,2,20.3,6.1,0,2,Yes,7,South,0
CUST-0484,26,Standard,5,41.82,0.2,0,0,Yes,8,Midwest,0
CUST-0485,49,Basic,5,15,6.8,0,0,Yes,10,Northeast,0
CUST-0486,36,Basic,72,22.57,6.3,0,0,Yes,8,Midwest,0
CUST-0487,74,Basic,1,20.63,8.2,1,0,Yes,6,South,0
CUST-0488,59,Standard,41,43.77,7.7,0,0,Yes,5,South,1
CUST-0489,26,Premium,47,76.25,3.4,0,3,No,8,Midwest,1
CUST-0490,55,Premium,3,60.07,9.6,0,0,Yes,7,South,0
CUST-0491,21,Standard,21,50.6,9.2,1,1,Yes,8,Northeast,0
CUST-0492,29,Premium,40,58.02,10.0,0,0,Yes,9,Midwest,0
CUST-0493,40,Basic,21,32.84,6.7,0,0,No,8,South,0
CUST-0494,49,Standard,9,54.63,4.9,1,0,Yes,6,Midwest,0
CUST-0495,25,Basic,17,36.4,6.0,1,0,No,7,Midwest,1
CUST-0496,53,Basic,10,29.29,11.7,0,2,Yes,7,Midwest,1
CUST-0497,24,Standard,6,43.2,4.6,2,0,Yes,,Northeast,0
CUST-0498,40,Basic,26,15.18,6.0,0,0,Yes,7,South,0
CUST-0499,29,Basic,8,17.25,9.3,0,0,No,6,South,0
CUST-0500,42,Standard,3,52.51,5.8,3,0,No,5,Northeast,1
CUST-0501,40,Standard,50,45.0,11.3,4,0,No,6,South,0
CUST-0502,34,Basic,15,22.76,5.3,2,0,Yes,,,0
CUST-0503,20,Standard,17,50.88,7.0,0,0,Yes,8,Northeast,0
CUST-0504,51,Basic,5,23.41,3.6,0,0,Yes,8,Midwest,0
CUST-0505,58,Basic,13,22.89,5.9,0,1,Yes,9,West,0
CUST-0506,50,Premium,1,70.57,10.1,1,0,Yes,7,South,0
CUST-0507,33,Basic,24,22.59,5.3,0,1,Yes,6,West,1
CUST-0508,40,Basic,9,27.57,7.7,3,0,Yes,3,West,1
CUST-0509,34,Basic,3,32.89,7.3,1,0,Yes,8,South,0
CUST-0510,19,Standard,1,41.69,4.0,0,0,No,7,Midwest,0
CUST-0511,39,Basic,7,37.99,4.8,1,0,Yes,7,West,1
CUST-0512,20,Basic,7,15,1.5,1,2,Yes,9,Northeast,0
CUST-0513,39,Premium,44,63.28,4.5,0,0,No,,West,0
CUST-0514,45,Basic,14,23.33,6.4,0,1,Yes,7,Midwest,0
CUST-0515,44,Basic,29,26.8,5.5,0,1,Yes,6,,1
CUST-0516,47,Premium,27,72.61,9.6,1,0,Yes,,West,0
CUST-0517,18,Premium,27,60.19,10.2,1,0,Yes,6,Midwest,0
CUST-0518,63,Standard,35,53.61,1.4,0,0,No,5,South,1
CUST-0519,56,Basic,7,27.13,10.6,1,0,Yes,7,Midwest,0
CUST-0520,19,Standard,31,45.63,2.0,2,0,Yes,5,South,0
CUST-0521,39,Premium,13,71.81,10.3,6,1,Yes,4,South,0
CUST-0522,25,Basic,42,19.13,2.9,0,0,Yes,9,South,0
CUST-0523,43,Standard,3,44.6,1.6,0,0,No,6,Midwest,0
CUST-0524,53,Standard,24,47.51,5.5,0,0,Yes,9,South,0
CUST-0525,36,Standard,8,48.44,8.7,4,1,Yes,5,South,1
CUST-0526,21,Basic,6,30.24,0.3,0,0,Yes,9,Midwest,0
CUST-0527,54,Standard,58,40.39,8.9,0,0,Yes,5,Midwest,0
CUST-0528,52,Basic,47,16.54,0.6,0,0,Yes,8,Midwest,0
CUST-0529,50,Standard,55,30.98,7.8,0,0,Yes,7,South,0
CUST-0530,27,Basic,31,15,6.9,0,1,Yes,7,South,0
CUST-0531,38,Basic,13,20.8,8.8,0,0,No,8,Midwest,0
CUST-0532,54,Standard,54,54.73,9.9,0,1,Yes,9,West,0
CUST-0533,48,Standard,43,40.69,5.4,1,0,No,5,West,1
CUST-0534,40,Basic,72,29.79,7.0,2,1,No,6,South,0
CUST-0535,29,Premium,9,72.82,9.3,2,0,Yes,7,West,0
CUST-0536,20,Standard,2,53.86,2.5,0,1,Yes,6,Northeast,0
CUST-0537,43,Basic,19,36.07,10.0,2,0,No,6,West,1
CUST-0538,54,Standard,35,49.18,9.0,3,0,Yes,6,South,1
CUST-0539,60,Standard,10,34.58,7.1,0,1,Yes,9,West,0
CUST-0540,37,Basic,23,26.34,4.6,0,0,No,7,South,1
CUST-0541,53,Basic,13,34.81,13.3,1,0,Yes,6,Northeast,0
CUST-0542,37,Premium,15,66.76,12.3,3,0,Yes,6,South,0
CUST-0543,43,Basic,52,23.11,1.6,4,0,Yes,4,South,0
CUST-0544,39,Standard,20,38.46,8.6,0,1,No,6,Midwest,0
CUST-0545,28,Basic,10,17.11,5.4,1,0,No,6,South,1
CUST-0546,35,Standard,29,41.0,2.0,0,0,Yes,7,Northeast,0
CUST-0547,65,Standard,71,52.9,8.1,1,0,Yes,7,South,0
CUST-0548,50,Standard,8,40.33,7.0,0,0,No,6,South,0
CUST-0549,40,Standard,7,43.57,,2,0,No,7,South,1
CUST-0550,51,Basic,26,20.5,11.0,0,0,Yes,6,West,0
CUST-0551,24,Basic,2,22.79,7.3,0,0,Yes,6,West,0
CUST-0552,29,Basic,5,23.99,15.7,0,0,Yes,9,South,1
CUST-0553,42,Premium,14,67.99,3.6,0,0,No,6,Northeast,0
CUST-0554,23,Basic,23,26.58,6.9,1,0,Yes,8,South,0
CUST-0555,31,Basic,11,25.9,10.5,1,0,Yes,6,South,0
CUST-0556,49,Premium,21,69.75,11.6,0,0,Yes,10,Midwest,0
CUST-0557,23,Basic,42,18.35,3.5,0,0,No,6,South,0
CUST-0558,28,Premium,2,80.29,9.0,1,0,Yes,8,Northeast,1
CUST-0559,65,Basic,52,28.71,2.9,0,0,No,8,South,0
CUST-0560,50,Basic,4,29.67,4.6,4,0,No,3,Midwest,1
CUST-0561,57,Basic,16,16.31,1.3,0,0,No,10,South,0
CUST-0562,37,Premium,2,69.4,5.5,0,0,Yes,9,South,0
CUST-0563,39,Premium,41,87.41,6.3,2,0,No,6,South,1
CUST-0564,29,Standard,9,48.99,6.6,0,0,Yes,6,Northeast,1
CUST-0565,50,Basic,7,27.64,8.0,1,0,Yes,6,South,0
CUST-0566,39,Premium,31,67.73,6.0,0,0,No,6,Northeast,1
CUST-0567,56,Standard,2,42.21,2.4,3,0,Yes,6,South,0
CUST-0568,18,Basic,17,31.13,8.5,1,0,Yes,4,,0
CUST-0569,56,Standard,28,47.28,4.9,3,0,Yes,6,West,1
CUST-0570,34,Standard,28,46.96,6.5,0,0,Yes,8,South,1
CUST-0571,20,Premium,72,60.56,7.9,1,0,No,7,South,0
CUST-0572,39,Premium,1,71.24,10.2,7,1,No,5,South,1
CUST-0573,38,Standard,10,49.06,9.1,0,0,Yes,8,Northeast,0
CUST-0574,69,Basic,2,25.74,6.5,1,0,Yes,7,Midwest,0
CUST-0575,23,Premium,17,60.81,9.4,0,0,Yes,7,Midwest,0
CUST-0576,32,Basic,21,15.93,10.1,0,0,Yes,6,Northeast,0
CUST-0577,34,Standard,4,38.25,4.5,0,1,No,10,South,1
CUST-0578,41,Premium,72,75.65,8.1,0,1,Yes,8,Midwest,0
CUST-0579,51,Premium,10,77.99,8.5,2,1,Yes,6,South,1
CUST-0580,48,Premium,13,70.78,14.3,2,0,No,7,Northeast,0
CUST-0581,25,Premium,27,69.5,11.5,2,1,Yes,5,South,0
CUST-0582,41,Standard,13,38.59,4.7,1,0,No,8,Northeast,0
CUST-0583,18,Basic,7,30.58,7.9,2,0,Yes,,Midwest,0
CUST-0584,37,Basic,30,25.57,13.9,0,0,Yes,7,West,0
CUST-0585,35,Standard,5,45.9,9.8,3,0,No,8,Northeast,1
CUST-0586,25,Standard,52,43.61,6.3,1,0,Yes,7,South,0
CUST-0587,46,Standard,12,46.3,6.8,2,0,Yes,5,Northeast,0
CUST-0588,37,Basic,11,20.33,5.0,3,1,Yes,3,South,1
CUST-0589,34,Standard,7,54.19,5.6,0,0,Yes,7,Northeast,0
CUST-0590,47,Basic,12,17.63,,0,0,Yes,6,West,0
CUST-0591,18,Premium,19,70.8,8.3,0,0,Yes,7,Northeast,0
CUST-0592,41,Standard,29,40.7,8.7,5,0,Yes,4,Northeast,0
CUST-0593,54,Standard,7,41.8,4.5,1,0,No,6,Midwest,0
CUST-0594,59,Basic,72,34.62,3.4,4,0,Yes,6,Midwest,1
CUST-0595,61,Standard,25,37.09,8.8,0,1,Yes,7,South,0
CUST-0596,44,Standard,32,42.48,4.1,2,0,No,7,Northeast,1
CUST-0597,38,Standard,63,45.25,0.9,0,0,No,8,South,0
CUST-0598,28,Basic,49,18.09,7.5,0,0,Yes,7,Midwest,0
CUST-0599,50,Premium,14,79.44,9.4,1,0,Yes,6,South,0
CUST-0600,28,Basic,30,19.76,13.0,1,0,Yes,7,Northeast,0
CUST-0601,64,Basic,11,24.77,8.5,0,0,Yes,7,West,0
CUST-0602,28,Basic,70,18.99,,0,0,Yes,4,Midwest,0
CUST-0603,28,Standard,13,50.13,2.2,0,0,No,7,South,0
CUST-0604,23,Basic,24,23.98,8.4,0,1,Yes,7,South,1
CUST-0605,38,Basic,6,35.21,2.1,0,0,Yes,8,Midwest,1
CUST-0606,28,Standard,1,51.1,8.1,0,0,No,8,Midwest,0
CUST-0607,26,Standard,72,48.05,4.6,0,0,No,,South,0
CUST-0608,18,Premium,29,63.14,12.4,0,1,Yes,8,South,0
CUST-0609,41,Standard,9,51.56,4.8,1,0,No,8,Northeast,0
CUST-0610,22,Basic,36,25.91,7.3,0,0,Yes,9,West,0
CUST-0611,64,Standard,8,48.81,2.8,1,1,No,8,South,1
CUST-0612,59,Premium,19,71.57,10.1,1,0,Yes,6,Northeast,0
CUST-0613,36,Basic,17,17.86,,2,0,Yes,8,Northeast,0
CUST-0614,41,Basic,11,15,4.3,2,2,No,6,South,0
CUST-0615,21,Basic,14,15,7.2,2,0,No,10,South,0
CUST-0616,50,Premium,31,70.85,11.2,0,1,No,5,Northeast,0
CUST-0617,34,Premium,25,66.14,9.0,1,0,Yes,6,South,0
CUST-0618,42,Standard,45,50.1,9.2,3,1,Yes,5,West,1
CUST-0619,35,Basic,6,23.0,6.0,0,1,No,,Midwest,1
CUST-0620,44,Premium,6,66.49,2.7,0,1,No,9,Midwest,0
CUST-0621,58,Standard,11,50.06,2.3,2,1,Yes,7,Northeast,1
CUST-0622,45,Standard,28,42.31,,1,0,No,9,Midwest,1
CUST-0623,60,Standard,33,36.82,5.0,0,1,No,7,Midwest,0
CUST-0624,48,Basic,38,26.16,7.3,0,0,No,8,South,0
CUST-0625,40,Standard,9,43.67,5.7,0,1,Yes,10,West,0
CUST-0626,51,Standard,19,45.21,8.5,1,0,Yes,8,Midwest,0
CUST-0627,61,Standard,3,37.74,6.3,0,0,No,5,South,0
CUST-0628,19,Basic,9,29.49,6.6,2,0,No,5,Northeast,1
CUST-0629,38,Standard,41,41.82,,2,2,No,6,Northeast,1
CUST-0630,24,Basic,6,22.97,4.8,0,0,No,6,West,0
CUST-0631,40,Standard,37,52.55,9.5,2,0,No,5,West,1
CUST-0632,51,Basic,33,27.89,0.2,0,1,Yes,3,South,1
CUST-0633,48,Standard,3,42.65,3.0,0,0,No,6,Northeast,0
CUST-0634,40,Basic,37,23.3,11.9,4,0,Yes,5,South,1
CUST-0635,28,Basic,2,21.72,10.0,0,0,Yes,9,Midwest,0
CUST-0636,47,Standard,10,46.75,6.3,10,0,Yes,2,,1
CUST-0637,33,Basic,8,26.25,2.2,2,3,No,7,Midwest,1
CUST-0638,26,Basic,11,29.08,13.9,1,0,Yes,9,South,0
CUST-0639,53,Basic,24,17.95,2.3,0,0,No,6,Midwest,0
CUST-0640,34,Standard,11,49.19,9.4,0,2,No,9,South,0
CUST-0641,35,Standard,4,32.96,12.5,0,1,No,4,South,0
CUST-0642,31,Premium,11,67.67,7.9,0,0,No,8,Midwest,0
CUST-0643,39,Basic,4,18.96,9.2,3,0,Yes,4,West,0
CUST-0644,34,Standard,8,50.87,2.6,1,0,No,8,,1
CUST-0645,48,Standard,2,47.99,2.8,2,0,Yes,7,West,1
CUST-0646,55,Premium,10,63.21,13.3,1,1,Yes,8,Northeast,0
CUST-0647,25,Standard,3,45.84,9.1,0,0,No,7,South,0
CUST-0648,38,Basic,15,26.65,6.4,4,0,No,5,West,1
CUST-0649,29,Premium,32,65.49,12.1,1,0,No,6,South,0
CUST-0650,19,Standard,31,48.51,6.0,3,0,Yes,5,Midwest,1
CUST-0651,38,Basic,3,25.43,2.4,1,0,Yes,8,West,1
CUST-0652,37,Premium,1,56.44,10.7,2,0,No,4,South,0
CUST-0653,33,Basic,9,28.86,0.7,1,1,No,6,Midwest,1
CUST-0654,18,Basic,27,24.09,3.9,1,0,Yes,7,Northeast,0
CUST-0655,43,Standard,16,48.64,10.0,1,0,No,6,,0
CUST-0656,35,Standard,46,34.68,2.8,3,0,Yes,7,Northeast,0
CUST-0657,53,Standard,54,41.35,10.0,1,0,Yes,9,Northeast,0
CUST-0658,27,Premium,59,80.69,7.8,0,0,No,7,West,0
CUST-0659,33,Standard,2,39.15,1.9,0,1,Yes,8,Midwest,0
CUST-0660,33,Basic,41,22.12,7.1,0,0,Yes,10,South,0
CUST-0661,28,Basic,18,18.18,5.2,0,1,Yes,10,South,0
CUST-0662,47,Basic,56,18.27,5.0,3,1,No,5,South,0
CUST-0663,30,Basic,42,30.3,7.3,2,1,Yes,6,South,0
CUST-0664,36,Basic,31,15,7.2,1,0,Yes,6,South,0
CUST-0665,44,Basic,19,25.27,9.2,1,0,No,5,West,0
CUST-0666,27,Basic,3,20.65,4.7,0,0,No,7,Northeast,0
CUST-0667,27,Premium,72,61.18,8.8,0,0,Yes,7,South,0
CUST-0668,42,Standard,28,45.99,9.7,1,1,Yes,5,South,0
CUST-0669,32,Standard,10,53.2,,0,0,No,8,West,1
CUST-0670,39,Standard,7,46.4,5.7,1,0,Yes,9,Northeast,0
CUST-0671,37,Premium,16,69.92,8.4,0,1,No,9,Midwest,0
CUST-0672,45,Standard,6,47.49,,1,0,Yes,9,South,0
CUST-0673,35,Premium,25,74.22,5.2,3,1,Yes,5,South,0
CUST-0674,33,Basic,62,27.37,6.4,1,1,Yes,5,South,1
CUST-0675,29,Standard,15,47.79,7.1,1,0,No,10,West,0
CUST-0676,43,Standard,10,42.66,9.0,1,0,No,6,South,0
CUST-0677,42,Standard,26,51.01,4.1,0,0,Yes,10,South,0
CUST-0678,27,Basic,13,20.2,9.8,0,0,Yes,7,South,0
CUST-0679,31,Standard,1,50.32,3.5,1,0,No,7,South,1
CUST-0680,49,Standard,9,51.88,3.2,0,0,No,8,South,1
CUST-0681,35,Basic,4,18.06,5.5,0,2,Yes,3,West,0
CUST-0682,18,Standard,2,44.92,11.3,1,1,No,7,South,0
CUST-0683,29,Premium,54,77.71,3.4,0,0,Yes,6,Midwest,0
CUST-0684,18,Basic,43,25.54,6.8,3,2,No,7,Northeast,0
CUST-0685,37,Standard,7,50.72,5.6,0,0,Yes,8,Northeast,0
CUST-0686,52,Basic,11,19.66,6.4,2,0,Yes,5,West,0
CUST-0687,31,Standard,8,43.62,2.6,0,1,Yes,5,South,0
CUST-0688,42,Standard,17,34.06,9.2,1,1,No,8,West,0
CUST-0689,18,Basic,60,27.0,6.5,0,2,Yes,6,South,1
CUST-0690,29,Basic,22,18.2,7.6,0,2,Yes,6,Northeast,0
CUST-0691,19,Standard,6,48.08,0.9,1,0,No,5,South,1
CUST-0692,36,Basic,1,25.87,6.1,0,0,Yes,,Northeast,0
CUST-0693,46,Basic,54,22.66,11.2,2,0,Yes,6,Midwest,0
CUST-0694,18,Basic,38,24.09,8.1,2,0,Yes,4,Midwest,0
CUST-0695,47,Basic,7,34.77,7.4,0,0,Yes,7,South,0
CUST-0696,39,Standard,7,38.86,8.7,1,1,Yes,7,Northeast,0
CUST-0697,49,Standard,7,45.57,8.7,0,0,No,,South,0
CUST-0698,23,Basic,47,25.83,6.0,2,0,Yes,5,Midwest,1
CUST-0699,18,Basic,5,15.57,4.9,1,0,No,5,South,0
CUST-0700,18,Standard,72,37.75,5.9,1,0,Yes,8,South,0
CUST-0701,34,Standard,33,38.95,9.2,0,0,No,9,South,0
CUST-0702,24,Standard,7,53.24,8.7,3,2,No,4,West,1
CUST-0703,53,Standard,15,40.96,8.0,1,1,Yes,10,West,0
CUST-0704,35,Standard,18,38.86,,2,0,Yes,5,Northeast,0
CUST-0705,38,Standard,20,38.05,3.3,0,0,Yes,8,South,0
CUST-0706,28,Standard,24,41.35,6.5,1,0,Yes,8,South,0
CUST-0707,48,Standard,1,36.05,0.2,0,0,Yes,6,Midwest,0
CUST-0708,30,Premium,15,81.02,4.5,0,0,No,8,Northeast,1
CUST-0709,19,Basic,14,27.3,9.2,0,0,Yes,,West,1
CUST-0710,66,Standard,21,50.77,7.5,0,0,Yes,9,South,1
CUST-0711,51,Basic,39,15.49,9.1,2,0,Yes,4,South,0
CUST-0712,50,Standard,72,48.26,2.6,0,0,No,6,South,1
CUST-0713,38,Premium,15,74.26,3.1,0,0,No,5,South,1
CUST-0714,34,Basic,1,26.85,2.3,2,0,Yes,6,South,1
CUST-0715,26,Basic,22,24.84,4.8,1,1,No,5,South,1
CUST-0716,49,Standard,24,42.67,1.7,0,0,No,7,South,0
CUST-0717,22,Standard,14,56.49,4.6,0,0,Yes,9,South,0
CUST-0718,45,Basic,10,31.58,4.6,0,0,Yes,8,South,0
CUST-0719,33,Premium,10,68.06,5.9,1,0,Yes,7,South,0
CUST-0720,44,Premium,38,74.51,11.0,1,2,No,6,South,0
CUST-0721,40,Standard,3,54.23,6.7,1,0,Yes,5,Northeast,0
CUST-0722,30,Basic,3,23.07,8.1,1,0,No,10,West,0
CUST-0723,41,Standard,4,56.09,5.3,1,0,Yes,6,Midwest,0
CUST-0724,43,Basic,19,23.65,8.8,1,1,Yes,7,Midwest,0
CUST-0725,19,Standard,15,40.02,1.6,4,1,No,7,West,0
CUST-0726,37,Standard,2,49.38,11.0,1,0,Yes,5,Midwest,1
CUST-0727,40,Basic,18,22.83,8.0,1,2,No,5,Northeast,1
CUST-0728,53,Premium,9,63.56,6.1,0,0,Yes,8,Northeast,0
CUST-0729,47,Standard,8,41.92,6.9,0,0,Yes,7,South,0
CUST-0730,18,Standard,47,45.24,7.2,0,0,Yes,4,Northeast,0
CUST-0731,36,Premium,12,68.54,4.7,1,0,Yes,5,South,0
CUST-0732,36,Standard,2,39.81,5.9,2,2,Yes,5,South,1
CUST-0733,20,Basic,5,34.32,5.8,3,0,Yes,7,South,1
CUST-0734,47,Basic,40,27.99,2.9,0,2,Yes,,South,1
CUST-0735,38,Standard,4,48.0,13.1,0,1,Yes,9,Northeast,0
CUST-0736,63,Basic,7,28.32,7.6,0,0,Yes,9,West,1
CUST-0737,29,Basic,12,23.6,3.4,1,0,Yes,9,West,0
CUST-0738,21,Premium,4,68.91,9.1,0,0,Yes,5,South,1
CUST-0739,31,Standard,11,50.4,4.8,0,0,No,7,South,0
CUST-0740,37,Basic,17,22.51,,2,0,No,8,Midwest,1
CUST-0741,27,Premium,18,64.45,5.6,0,1,No,8,West,1
CUST-0742,28,Standard,15,46.0,11.5,0,0,Yes,8,Midwest,0
CUST-0743,20,Premium,61,75.45,6.8,1,0,No,6,West,1
CUST-0744,52,Basic,72,35.08,6.6,0,2,Yes,7,South,0
CUST-0745,47,Premium,24,66.01,9.7,2,0,Yes,8,South,0
CUST-0746,37,Standard,42,47.09,4.2,0,1,Yes,10,South,0
CUST-0747,58,Basic,3,36.73,3.9,0,0,Yes,5,South,1
CUST-0748,47,Standard,33,47.51,4.6,1,0,Yes,6,South,0
CUST-0749,53,Standard,10,40.51,7.8,0,0,Yes,7,West,0
CUST-0750,42,Premium,19,71.22,5.8,0,0,Yes,3,Midwest,1
CUST-0751,51,Basic,6,28.1,3.3,1,1,Yes,7,Northeast,1
CUST-0752,56,Standard,13,32.76,4.1,0,0,No,6,Northeast,0
CUST-0753,18,Standard,36,41.08,4.4,1,1,No,9,Midwest,0
CUST-0754,52,Premium,29,79.28,11.0,0,0,No,10,South,0
CUST-0755,26,Basic,18,18.88,0.2,0,1,No,9,West,1
CUST-0756,47,Standard,2,43.43,11.1,1,0,Yes,10,South,0
CUST-0757,62,Premium,8,76.07,11.9,1,1,No,6,Midwest,1
CUST-0758,42,Standard,4,39.47,3.1,0,2,No,8,South,1
CUST-0759,34,Basic,8,20.37,5.9,0,0,No,7,Northeast,0
CUST-0760,56,Premium,16,80.01,8.2,0,1,Yes,7,Midwest,0
CUST-0761,35,Standard,5,41.83,8.6,0,0,No,8,South,0
CUST-0762,51,Basic,20,28.44,7.3,1,0,Yes,6,Midwest,1
CUST-0763,26,Premium,31,75.27,14.3,0,0,Yes,8,Midwest,0
CUST-0764,56,Premium,13,65.85,11.1,0,1,Yes,6,Northeast,0
CUST-0765,52,Basic,18,22.42,0.2,2,1,Yes,7,South,1
CUST-0766,54,Basic,3,29.13,0.2,0,2,No,10,Northeast,0
CUST-0767,31,Premium,23,72.11,5.7,0,0,Yes,6,South,0
CUST-0768,54,Standard,2,55.8,10.3,2,1,Yes,6,West,1
CUST-0769,40,Premium,8,69.98,4.5,0,0,No,10,Northeast,0
CUST-0770,36,Premium,6,68.77,18.0,0,1,Yes,6,Northeast,0
CUST-0771,44,Premium,1,64.95,11.3,0,0,No,9,South,0
CUST-0772,33,Premium,11,73.88,6.7,1,0,Yes,5,South,1
CUST-0773,25,Basic,35,21.97,2.9,0,1,Yes,6,West,0
CUST-0774,54,Basic,15,26.3,3.3,0,0,Yes,8,South,0
CUST-0775,52,Standard,58,43.88,5.9,0,0,Yes,8,Midwest,0
CUST-0776,49,Basic,55,22.78,11.9,0,0,Yes,,South,0
CUST-0777,48,Premium,1,65.24,9.0,6,0,No,6,Northeast,1
CUST-0778,67,Premium,23,74.29,10.7,0,0,Yes,9,Northeast,0
CUST-0779,39,Premium,7,74.0,8.3,1,1,Yes,7,South,0
CUST-0780,18,Basic,5,28.01,5.3,0,0,Yes,10,Midwest,0
CUST-0781,18,Standard,27,47.65,3.5,2,0,Yes,8,South,0
CUST-0782,29,Standard,10,37.47,6.2,0,0,Yes,,South,0
CUST-0783,34,Basic,13,26.62,11.8,1,1,Yes,10,West,1
CUST-0784,32,Standard,72,48.33,11.0,2,1,Yes,6,South,0
CUST-0785,26,Basic,18,24.21,2.3,0,0,No,10,West,0
CUST-0786,41,Basic,4,35.06,2.7,1,0,Yes,7,South,0
CUST-0787,50,Basic,26,20.03,11.8,1,0,Yes,8,South,0
CUST-0788,53,Premium,19,79.17,5.1,0,0,Yes,8,Northeast,0
CUST-0789,38,Standard,9,40.51,7.8,1,0,Yes,5,South,0
CUST-0790,49,Basic,26,20.15,7.6,1,0,No,6,South,0
CUST-0791,50,Premium,20,71.28,13.2,0,1,Yes,8,West,0
CUST-0792,18,Standard,24,37.94,1.9,0,0,Yes,6,Midwest,0
CUST-0793,48,Basic,4,23.46,7.8,1,1,No,8,South,1
CUST-0794,53,Basic,18,38.84,3.8,0,1,No,5,Northeast,1
CUST-0795,61,Premium,7,73.05,11.7,2,0,Yes,7,Northeast,0
CUST-0796,45,Premium,39,63.51,10.2,0,0,No,6,South,0
CUST-0797,36,Basic,7,29.38,9.1,1,0,No,,South,1
CUST-0798,39,Standard,14,38.95,3.5,0,0,Yes,9,Northeast,0
CUST-0799,55,Basic,2,27.53,6.1,1,0,Yes,8,Midwest,0
CUST-0800,19,Basic,31,22.53,4.7,0,1,Yes,7,South,0
